Definition Name                           ;Attribut Name                                    ;Attribut Type                                      ;Moegliche Enum Werte
AngebotZumAntrag                          ;                                                 ;                                                   ;
                                          ;bausparvertraege                                 ;array of Bausparvertrag                            ;
                                          ;beleihungsRechnung                               ;BeleihungsRechnung                                 ;
                                          ;bewertungDesAngebots                             ;enum                                               ;
                                          ;                                                 ;                                                   ;ANGEBOT_ENTSPRICHT_DER_EMPFEHLUNG_DES_KUNDENBETREUERS
                                          ;                                                 ;                                                   ;ANGEBOT_ENTSPRICHT_DEM_WUNSCH_DES_KUNDEN
                                          ;darlehen                                         ;array of Darlehen                                  ;
                                          ;erzeugtAm                                        ;string(date-time)                                  ;
                                          ;kennung                                          ;string                                             ;
                                          ;machbarkeitsStatus                               ;enum                                               ;
                                          ;                                                 ;                                                   ;MACHBAR
                                          ;                                                 ;                                                   ;UNTER_VORBEHALT_PRODUZENT
                                          ;                                                 ;                                                   ;NICHT_MACHBAR
                                          ;meldungen                                        ;array of Meldung                                   ;
                                          ;pruefungsErgebnisse                              ;array of AngebotsPruefungsErgebnis                 ;
                                          ;_links                                           ;Links                                              ;
AngebotsPruefungsErgebnis                 ;                                                 ;                                                   ;
                                          ;produktAnbieter                                  ;ProduktAnbieter                                    ;
                                          ;weitereAngaben                                   ;string                                             ;
Antraege                                  ;                                                 ;                                                   ;
                                          ;antraege                                         ;array of Antrag                                    ;
                                          ;_links                                           ;PaginationLinks                                    ;
Antrag                                    ;                                                 ;                                                   ;
                                          ;angebot                                          ;AngebotZumAntrag                                   ;
                                          ;ansprechpartner                                  ;Partner                                            ;
                                          ;antragsNummer                                    ;string                                             ;
                                          ;beratung                                         ;Beratung                                           ;
                                          ;datenKontext                                     ;enum                                               ;
                                          ;                                                 ;                                                   ;TEST_MODUS
                                          ;                                                 ;                                                   ;ECHT_GESCHAEFT
                                          ;dokumente                                        ;array of Dokument                                  ;
                                          ;kreditSachbearbeiter                             ;Partner                                            ;
                                          ;produktAnbieter                                  ;ProduktAnbieter                                    ;
                                          ;status                                           ;AntragsStatus                                      ;
                                          ;vermittler                                       ;Partner                                            ;
                                          ;zeitpunktDerAnnahme                              ;string(date-time)                                  ;
                                          ;zugrundeliegendeDaten                            ;ZugrundeliegendeDatenZumAntrag                     ;
                                          ;_links                                           ;Links                                              ;
AntragsStatus                             ;                                                 ;                                                   ;
                                          ;antragsteller                                    ;enum                                               ;
                                          ;                                                 ;                                                   ;BEANTRAGT
                                          ;                                                 ;                                                   ;UNTERSCHRIEBEN
                                          ;                                                 ;                                                   ;NICHT_ANGENOMMEN
                                          ;                                                 ;                                                   ;WIDERRUFEN
                                          ;bearbeitungsFortschritt                          ;enum                                               ;
                                          ;                                                 ;                                                   ;NICHT_VON_PRODUKTANBIETER_BESTAETIGT
                                          ;                                                 ;                                                   ;VON_PRODUKTANBIETER_BESTAETIGT
                                          ;                                                 ;                                                   ;FREIGEGEBEN_FUER_SAMMELFORDERUNG
                                          ;                                                 ;                                                   ;PROVISION_IN_BEARBEITUNG
                                          ;                                                 ;                                                   ;PROVISON_AN_KUNDENBETREUER_VOLLSTAENDIG_AUSGEZAHLT
                                          ;produktAnbieter                                  ;enum                                               ;
                                          ;                                                 ;                                                   ;NICHT_BEARBEITET
                                          ;                                                 ;                                                   ;UNTERSCHRIEBEN
                                          ;                                                 ;                                                   ;ABGELEHNT
                                          ;                                                 ;                                                   ;ZURUECKGESTELLT
Antragsteller                             ;                                                 ;                                                   ;
                                          ;anrede                                           ;enum                                               ;
                                          ;                                                 ;                                                   ;FRAU
                                          ;                                                 ;                                                   ;HERR
                                          ;anschrift                                        ;Postadresse                                        ;
                                          ;arbeitserlaubnis                                 ;boolean                                            ;
                                          ;arbeitserlaubnisBefristetBis                     ;string(date)                                       ;
                                          ;aufenthaltsTitel                                 ;enum                                               ;
                                          ;                                                 ;                                                   ;VISUM
                                          ;                                                 ;                                                   ;AUFENTHALTS_ERLAUBNIS
                                          ;                                                 ;                                                   ;NIEDERLASSUNGS_ERLAUBNIS
                                          ;                                                 ;                                                   ;DAUERAUFENTHALT_EU
                                          ;aufenthaltsTitelBefristetBis                     ;string(date)                                       ;
                                          ;berufsgruppeBeiIngDiba                           ;string                                             ;
                                          ;beschaeftigung                                   ;Beschaeftigung                                     ;
                                          ;brancheBeiIngDiba                                ;string                                             ;
                                          ;brancheBeiMhb                                    ;string                                             ;
                                          ;brancheBeiSRating                                ;string                                             ;
                                          ;email                                            ;string                                             ;
                                          ;externeAntragstellerId                           ;string                                             ;
                                          ;familienstand                                    ;enum                                               ;
                                          ;                                                 ;                                                   ;GESCHIEDEN
                                          ;                                                 ;                                                   ;GETRENNT_LEBEND
                                          ;                                                 ;                                                   ;LEBENSPARTNERSCHAFT
                                          ;                                                 ;                                                   ;LEDIG
                                          ;                                                 ;                                                   ;VERHEIRATET
                                          ;                                                 ;                                                   ;VERWITWET
                                          ;geburtsdatum                                     ;string(date)                                       ;
                                          ;geburtsort                                       ;string                                             ;
                                          ;guetertrennungVereinbartWennVerheiratet          ;boolean                                            ;
                                          ;id                                               ;string                                             ;
                                          ;legitimationsDaten                               ;LegitimationsDaten                                 ;
                                          ;nachname                                         ;string                                             ;
                                          ;schufaErgebnis                                   ;SchufaErgebnis                                     ;
                                          ;staatsangehoerigkeit                             ;Staat                                              ;
                                          ;telefonnummer                                    ;string                                             ;
                                          ;telefonnummerVorwahl                             ;string                                             ;
                                          ;titelDoktor                                      ;boolean                                            ;
                                          ;titelProfessor                                   ;boolean                                            ;
                                          ;verheiratetMitAntragsteller                      ;AntragstellerVerknuepfung                          ;
                                          ;vorAnschrift                                     ;Postadresse                                        ;
                                          ;vorname                                          ;string                                             ;
                                          ;weitereKontaktMoeglichkeiten                     ;string                                             ;
                                          ;wohnhaftSeit                                     ;string(date)                                       ;
AntragstellerVerknuepfung                 ;                                                 ;                                                   ;
                                          ;id                                               ;string                                             ;
                                          ;name                                             ;string                                             ;
AusgabenMonatlich                         ;                                                 ;                                                   ;
                                          ;ausgabenMonatlich                                ;number                                             ;
                                          ;zahlungsTyp                                      ;enum                                               ;
                                          ;                                                 ;                                                   ;EINNAHME
                                          ;                                                 ;                                                   ;AUSGABE
Autostellplatz                            ;                                                 ;                                                   ;
                                          ;mieteinnahmenMonatlich                           ;number                                             ;
                                          ;typ                                              ;enum                                               ;
                                          ;                                                 ;                                                   ;STELLPLATZ
                                          ;                                                 ;                                                   ;CARPORT
                                          ;                                                 ;                                                   ;GARAGE
                                          ;                                                 ;                                                   ;DOPPEL_GARAGE
                                          ;                                                 ;                                                   ;KELLER_GARAGE
                                          ;                                                 ;                                                   ;TIEFGARAGEN_STELLPLATZ
Bankverbindung                            ;                                                 ;                                                   ;
                                          ;bic                                              ;string                                             ;
                                          ;iban                                             ;string                                             ;
                                          ;kontoinhaber                                     ;array of AntragstellerVerknuepfung                 ;
                                          ;kreditinstitut                                   ;string                                             ;
Bausparvertrag                            ;                                                 ;                                                   ;
                                          ;abschlussGebuehr                                 ;number                                             ;
                                          ;angebotsHinweisFuerAntragsteller                 ;string                                             ;
                                          ;bausparSumme                                     ;number                                             ;
                                          ;einmalzahlung                                    ;number                                             ;
                                          ;gesamtLaufzeitInJahren                           ;integer(int32)                                     ;
                                          ;id                                               ;string                                             ;
                                          ;produktAnbieter                                  ;ProduktAnbieter                                    ;
                                          ;sparPhase                                        ;SparPhase                                          ;
                                          ;tarif                                            ;string                                             ;
                                          ;tilgungsPhase                                    ;TilgungsPhase                                      ;
                                          ;typ                                              ;string                                             ;
                                          ;vertragsBeginn                                   ;string(date)                                       ;
                                          ;vertragsNummer                                   ;string                                             ;
                                          ;verwaltungsgebuehrenJaehrlich                    ;number                                             ;
                                          ;zuteilungsDatum                                  ;string(date)                                       ;
BeleihungsRechnung                        ;                                                 ;                                                   ;
                                          ;beleihungsAuslauf                                ;number                                             ;
                                          ;beleihungsWerte                                  ;array of BeleihungsWert                            ;
                                          ;beleihungsWerteSumme                             ;number                                             ;
                                          ;produktAnbieter                                  ;ProduktAnbieter                                    ;
BeleihungsWert                            ;                                                 ;                                                   ;
                                          ;beleihungsWert                                   ;number                                             ;
                                          ;immobilie                                        ;ImmobilieVerknuepfung                              ;
Beratung                                  ;                                                 ;                                                   ;
                                          ;art                                              ;enum                                               ;
                                          ;                                                 ;                                                   ;PRAESENZ_GESCHAEFT
                                          ;                                                 ;                                                   ;FERN_ABSATZ_GESCHAEFT
                                          ;                                                 ;                                                   ;AUSSER_GESCHAEFTSRAUM_VERTRAG
                                          ;hinweisFuerProduktAnbieter                       ;string                                             ;
                                          ;istKundenBetreuerVerkaeuferOderMaklerDerImmobilie;boolean                                            ;
Bereitstellung                            ;                                                 ;                                                   ;
                                          ;bereitstellungsZins                              ;number                                             ;
                                          ;bereitstellungsZinsFreieZeitInMonaten            ;integer(int32)                                     ;
Beschaeftigung                            ;                                                 ;                                                   ;
                                          ;anzahlGehaelterProJahr                           ;number(double)                                     ;
                                          ;arbeitgeber                                      ;string                                             ;
                                          ;arbeitgeberInDeutschlandAnsaessig                ;boolean                                            ;
                                          ;art                                              ;string                                             ;
                                          ;befristungsStatus                                ;enum                                               ;
                                          ;                                                 ;                                                   ;BEFRISTET
                                          ;                                                 ;                                                   ;UNBEFRISTET
                                          ;beruf                                            ;string                                             ;
                                          ;beschaeftigtSeit                                 ;string(date)                                       ;
                                          ;einkommenNettoJaehrlich                          ;number                                             ;
                                          ;einkommenNettoMonatlich                          ;number                                             ;
                                          ;inProbezeit                                      ;boolean                                            ;
                                          ;situationNachRenteneintritt                      ;SituationNachRenteneintritt                        ;
                                          ;sonstigesRegelmaessigesEinkommenNettoMonatlich   ;number                                             ;
                                          ;staatlicheRenteNettoMonatlich                    ;number                                             ;
                                          ;taetigkeit                                       ;string                                             ;
BestehendeImmobilie                       ;                                                 ;                                                   ;
                                          ;adresse                                          ;Postadresse                                        ;
                                          ;autostellplaetze                                 ;array of Autostellplatz                            ;
                                          ;bestehendeDarlehen                               ;array of BestehendesDarlehen                       ;
                                          ;erbbaurecht                                      ;Erbbaurecht                                        ;
                                          ;gebaeude                                         ;Gebaeude                                           ;
                                          ;grundbuchAngabe                                  ;GrundbuchAngabe                                    ;
                                          ;grundstueck                                      ;Grundstueck                                        ;
                                          ;id                                               ;string                                             ;
                                          ;immobilienEinsatz                                ;enum                                               ;
                                          ;                                                 ;                                                   ;KEIN_EINSATZ
                                          ;                                                 ;                                                   ;VERKAUFEN
                                          ;                                                 ;                                                   ;ALS_ZUSATZSICHERHEIT
                                          ;maximalEinzusetzenderBetragWennVerkauf           ;number                                             ;
                                          ;objektArt                                        ;enum                                               ;
                                          ;                                                 ;                                                   ;GRUNDSTUECK
                                          ;                                                 ;                                                   ;EIGENTUMSWOHNUNG
                                          ;                                                 ;                                                   ;HAUS
                                          ;verkehrswert                                     ;number                                             ;
BestehenderBausparvertrag                 ;                                                 ;                                                   ;
                                          ;abschlussGebuehr                                 ;number                                             ;
                                          ;aktuellerWert                                    ;number                                             ;
                                          ;bausparSumme                                     ;number                                             ;
                                          ;einmalzahlung                                    ;number                                             ;
                                          ;id                                               ;string                                             ;
                                          ;maximalAufzuloesenderBetrag                      ;number                                             ;
                                          ;produktAnbieter                                  ;ProduktAnbieter                                    ;
                                          ;sparBeitragMonatlich                             ;number                                             ;
                                          ;tarif                                            ;string                                             ;
                                          ;typ                                              ;string                                             ;
                                          ;vermoegensEinsatz                                ;enum                                               ;
                                          ;                                                 ;                                                   ;KEIN_EINSATZ
                                          ;                                                 ;                                                   ;ABTRETEN
                                          ;                                                 ;                                                   ;AUFLOESEN
                                          ;vermoegensTyp                                    ;enum                                               ;
                                          ;                                                 ;                                                   ;VERMOEGEN
                                          ;                                                 ;                                                   ;VERBINDLICHKEIT
                                          ;vertragsBeginn                                   ;string(date)                                       ;
                                          ;vertragsNummer                                   ;string                                             ;
                                          ;verwaltungsgebuehrenJaehrlich                    ;number                                             ;
                                          ;zahlungsTyp                                      ;enum                                               ;
                                          ;                                                 ;                                                   ;EINNAHME
                                          ;                                                 ;                                                   ;AUSGABE
                                          ;zuteilungsDatum                                  ;string(date)                                       ;
BestehendesDarlehen                       ;                                                 ;                                                   ;
                                          ;abzuloesendeRestschuld                           ;number                                             ;
                                          ;aktuelleRestschuldWennNichtAbzuloesen            ;number                                             ;
                                          ;darlehensArt                                     ;string                                             ;
                                          ;darlehensGeber                                   ;ProduktAnbieter                                    ;
                                          ;eingetrageneGrundschuld                          ;number                                             ;
                                          ;id                                               ;string                                             ;
                                          ;rateMonatlich                                    ;number                                             ;
                                          ;zinsBindungEndetAm                               ;string(date)                                       ;
BestehendesDarlehenDesFinanzierungsObjekts;                                                 ;                                                   ;
                                          ;abzuloesendeRestschuld                           ;number                                             ;
                                          ;aktuelleRestschuldWennNichtAbzuloesen            ;number                                             ;
                                          ;darlehensArt                                     ;string                                             ;
                                          ;darlehensGeber                                   ;ProduktAnbieter                                    ;
                                          ;eingetrageneGrundschuld                          ;number                                             ;
                                          ;id                                               ;string                                             ;
                                          ;rateMonatlich                                    ;number                                             ;
                                          ;verwendenAls                                     ;enum                                               ;
                                          ;                                                 ;                                                   ;ABLOESEN
                                          ;                                                 ;                                                   ;TRITT_IM_RANG_ZURUECK
                                          ;                                                 ;                                                   ;TRITT_NICHT_IM_RANG_ZURUECK
                                          ;zinsBindungEndetAm                               ;string(date)                                       ;
Darlehen                                  ;                                                 ;                                                   ;
                                          ;auszahlungsBetrag                                ;number                                             ;
                                          ;auszahlungsDatum                                 ;string(date)                                       ;
                                          ;auszahlungsKurs                                  ;number                                             ;
                                          ;bereitstellung                                   ;Bereitstellung                                     ;
                                          ;darlehensBetrag                                  ;number                                             ;
                                          ;darlehensTyp                                     ;enum                                               ;
                                          ;                                                 ;                                                   ;ANNUITAETEN_DARLEHEN
                                          ;                                                 ;                                                   ;FORWARD_DARLEHEN
                                          ;                                                 ;                                                   ;KFW_DARLEHEN
                                          ;                                                 ;                                                   ;PRIVAT_DARLEHEN
                                          ;                                                 ;                                                   ;ZWISCHEN_FINANZIERUNG
                                          ;                                                 ;                                                   ;VARIABLES_DARLEHEN
                                          ;detailsZurVerwendung                             ;string                                             ;
                                          ;effektivZins                                     ;number                                             ;
                                          ;effektivZinsRelevanteKosten                      ;EffektivZinsKosten                                 ;
                                          ;forwardPeriodeInMonaten                          ;integer(int32)                                     ;
                                          ;kfwEnergieEffizienzStandard                      ;string                                             ;
                                          ;kfwProgramm                                      ;string                                             ;
                                          ;konditionWurdeManuellAngepasst                   ;boolean                                            ;
                                          ;konditionsAnpassungsBegruendung                  ;string                                             ;
                                          ;laufZeitInJahren                                 ;integer(int32)                                     ;
                                          ;laufzeitInMonaten                                ;integer(int32)                                     ;
                                          ;maximaleLaufzeitInMonaten                        ;integer(int32)                                     ;
                                          ;produktAnbieter                                  ;ProduktAnbieter                                    ;
                                          ;rateMonatlich                                    ;number                                             ;
                                          ;rateMonatlichInDerTilgungsfreienAnlaufzeit       ;number                                             ;
                                          ;sollZins                                         ;number                                             ;
                                          ;tilgung                                          ;Tilgung                                            ;
                                          ;tilgungsFreieAnlaufJahre                         ;integer(int32)                                     ;
                                          ;verwendungsZweck                                 ;enum                                               ;
                                          ;                                                 ;                                                   ;VORFINANZIERUNG_OEFFENTLICHER_MITTEL
                                          ;                                                 ;                                                   ;VERKAUF_EINES_ANDEREN_OBJEKTS
                                          ;                                                 ;                                                   ;SONSTIGE_VERWENDUNG
                                          ;zinsBindung                                      ;ZinsBindung                                        ;
                                          ;zinsZahlungsBeginnAm                             ;string(date)                                       ;
Dokument                                  ;                                                 ;                                                   ;
                                          ;art                                              ;string                                             ;
                                          ;href                                             ;string                                             ;
                                          ;name                                             ;string                                             ;
                                          ;type                                             ;string                                             ;
EffektivZinsKosten                        ;                                                 ;                                                   ;
                                          ;beratungsHonorar                                 ;number                                             ;
                                          ;grundbuchKosten                                  ;number                                             ;
                                          ;sonstigeKosten                                   ;number                                             ;
                                          ;tilgungsErsatzProduktKosten                      ;number                                             ;
                                          ;wohnGebaeudeVersicherungsKosten                  ;number                                             ;
                                          ;zinsabsicherungsKosten                           ;number                                             ;
                                          ;zusatzSicherheitsKosten                          ;number                                             ;
EinkuenfteAusNebentaetigkeit              ;                                                 ;                                                   ;
                                          ;beginnDerNebentaetigkeit                         ;string(date)                                       ;
                                          ;einnahmenMonatlich                               ;number                                             ;
                                          ;zahlungsTyp                                      ;enum                                               ;
                                          ;                                                 ;                                                   ;EINNAHME
                                          ;                                                 ;                                                   ;AUSGABE
EinnahmenMonatlich                        ;                                                 ;                                                   ;
                                          ;einnahmenMonatlich                               ;number                                             ;
                                          ;zahlungsTyp                                      ;enum                                               ;
                                          ;                                                 ;                                                   ;EINNAHME
                                          ;                                                 ;                                                   ;AUSGABE
Erbbaurecht                               ;                                                 ;                                                   ;
                                          ;erbbauzinsJaehrlich                              ;number                                             ;
                                          ;grundstuecksEigentuemer                          ;enum                                               ;
                                          ;                                                 ;                                                   ;ANDERE
                                          ;                                                 ;                                                   ;OEFFENTLICH_KIRCHLICH
                                          ;laufzeitBisJahr                                  ;string                                             ;
Error                                     ;                                                 ;                                                   ;
                                          ;message                                          ;string                                             ;
                                          ;statusCode                                       ;integer(int32)                                     ;
                                          ;statusMessage                                    ;string                                             ;
                                          ;traceId                                          ;string                                             ;
Finanzbedarf                              ;                                                 ;                                                   ;
                                          ;aussenAnlagen                                    ;number                                             ;
                                          ;bauNebenkosten                                   ;number                                             ;
                                          ;bereitsBeglichen                                 ;number                                             ;
                                          ;erschliessung                                    ;number                                             ;
                                          ;grunderwerbsteuer                                ;number                                             ;
                                          ;grundstuecksKaufpreis                            ;number                                             ;
                                          ;herstellung                                      ;number                                             ;
                                          ;kapitalBeschaffung                               ;number                                             ;
                                          ;kaufpreis                                        ;number                                             ;
                                          ;maklergebuehr                                    ;number                                             ;
                                          ;mobiliar                                         ;number                                             ;
                                          ;modernisierung                                   ;number                                             ;
                                          ;notargebuehr                                     ;number                                             ;
                                          ;renovierung                                      ;number                                             ;
                                          ;sonstigeKosten                                   ;number                                             ;
                                          ;zusaetzlichesKapital                             ;number                                             ;
FinanzierungsObjekt                       ;                                                 ;                                                   ;
                                          ;adresse                                          ;Postadresse                                        ;
                                          ;autostellplaetze                                 ;array of Autostellplatz                            ;
                                          ;bestehendeDarlehen                               ;array of BestehendesDarlehenDesFinanzierungsObjekts;
                                          ;erbbaurecht                                      ;Erbbaurecht                                        ;
                                          ;gebaeude                                         ;Gebaeude                                           ;
                                          ;grundbuchAngabe                                  ;GrundbuchAngabe                                    ;
                                          ;grundstueck                                      ;Grundstueck                                        ;
                                          ;id                                               ;string                                             ;
                                          ;objektArt                                        ;enum                                               ;
                                          ;                                                 ;                                                   ;GRUNDSTUECK
                                          ;                                                 ;                                                   ;EIGENTUMSWOHNUNG
                                          ;                                                 ;                                                   ;HAUS
                                          ;verkehrswert                                     ;number                                             ;
Flurstueck                                ;                                                 ;                                                   ;
                                          ;anteil                                           ;MiteigentumsAnteil                                 ;
                                          ;flur                                             ;string                                             ;
                                          ;flurstuecksNummer                                ;string                                             ;
                                          ;groesse                                          ;number                                             ;
Gebaeude                                  ;                                                 ;                                                   ;
                                          ;anzahlDerGewerbeeinheiten                        ;integer(int32)                                     ;
                                          ;anzahlDerWohneinheitenImGebaeude                 ;integer(int32)                                     ;
                                          ;anzahlVollgeschosse                              ;integer(int32)                                     ;
                                          ;ausstattung                                      ;string                                             ;
                                          ;baujahr                                          ;string                                             ;
                                          ;bauweise                                         ;string                                             ;
                                          ;bezeichnungWohneinheit                           ;string                                             ;
                                          ;dachgeschossAusbau                               ;string                                             ;
                                          ;einliegerwohnungVorhanden                        ;boolean                                            ;
                                          ;gewerbeflaeche                                   ;GebaeudeFlaeche                                    ;
                                          ;hausAnordnung                                    ;enum                                               ;
                                          ;                                                 ;                                                   ;FREISTEHEND
                                          ;                                                 ;                                                   ;KOPFHAUS
                                          ;                                                 ;                                                   ;MITTELHAUS
                                          ;hausTyp                                          ;enum                                               ;
                                          ;                                                 ;                                                   ;DOPPELHAUSHAELFTE
                                          ;                                                 ;                                                   ;EINFAMILIENHAUS
                                          ;                                                 ;                                                   ;MEHRFAMILIENHAUS
                                          ;                                                 ;                                                   ;REIHENHAUS
                                          ;                                                 ;                                                   ;ZWEIFAMILIENHAUS
                                          ;istFertighaus                                    ;boolean                                            ;
                                          ;miteigentumsAnteil                               ;MiteigentumsAnteil                                 ;
                                          ;modernisierungsAngaben                           ;ModernisierungsAngaben                             ;
                                          ;unterkellerung                                   ;string                                             ;
                                          ;wohnflaeche                                      ;GebaeudeFlaeche                                    ;
GebaeudeFlaeche                           ;                                                 ;                                                   ;
                                          ;gesamtGroesse                                    ;number                                             ;
                                          ;vermietungsInformationen                         ;VermietungsInformationen                           ;
GrundbuchAngabe                           ;                                                 ;                                                   ;
                                          ;anmerkungen                                      ;string                                             ;
                                          ;bandUndBlatt                                     ;string                                             ;
                                          ;flurstuecke                                      ;array of Flurstueck                                ;
                                          ;ort                                              ;string                                             ;
                                          ;rechteInAbteilung2                               ;RechteAbteilung2                                   ;
Grundstueck                               ;                                                 ;                                                   ;
                                          ;groesse                                          ;number                                             ;
                                          ;grundstuecksArt                                  ;enum                                               ;
                                          ;                                                 ;                                                   ;UNBEBAUTES_WOHNGRUNDSTUECK
                                          ;                                                 ;                                                   ;UNBEBAUTES_MISCHGRUNDSTUECK
                                          ;                                                 ;                                                   ;UNBEBAUTES_GEWERBEGRUNDSTUECK
                                          ;                                                 ;                                                   ;LANDWIRTSCHAFTLICHES_GRUNDSTUECK
                                          ;                                                 ;                                                   ;SONSTIGES_GRUNDSTUECK
Haushalt                                  ;                                                 ;                                                   ;
                                          ;antragsteller                                    ;array of Antragsteller                             ;
                                          ;anzahlErwachseneImHaushalt                       ;integer(int32)                                     ;
                                          ;anzahlKinderNichtImHaushalt                      ;integer(int32)                                     ;
                                          ;bestehendeImmobilien                             ;array of BestehendeImmobilie                       ;
                                          ;kfzAnzahl                                        ;integer(int32)                                     ;
                                          ;kinder                                           ;array of Kind                                      ;
                                          ;lebenshaltungsKostenMonatlich                    ;number                                             ;
                                          ;positionen                                       ;HaushaltsPositionen                                ;
HaushaltsPositionen                       ;                                                 ;                                                   ;
                                          ;bankUndSparguthaben                              ;array of Vermoegen                                 ;
                                          ;bausparvertraege                                 ;array of BestehenderBausparvertrag                 ;
                                          ;ehegattenUnterhalt                               ;array of EinnahmenMonatlich                        ;
                                          ;einkuenfteAusNebentaetigkeit                     ;array of EinkuenfteAusNebentaetigkeit              ;
                                          ;kindergeld                                       ;array of EinnahmenMonatlich                        ;
                                          ;lebensUndRentenVersicherungen                    ;array of LebensOderRentenversicherungVermoegen     ;
                                          ;mietAusgaben                                     ;array of MietAusgaben                              ;
                                          ;privateDarlehen                                  ;array of Verbindlichkeit                           ;
                                          ;privateKrankenversicherung                       ;array of AusgabenMonatlich                         ;
                                          ;ratenkredite                                     ;array of Verbindlichkeit                           ;
                                          ;sonstigeAusgaben                                 ;array of AusgabenMonatlich                         ;
                                          ;sonstigeEinnahmen                                ;array of EinnahmenMonatlich                        ;
                                          ;sonstigeVerbindlichkeiten                        ;array of Verbindlichkeit                           ;
                                          ;sonstigeVermoegen                                ;array of Vermoegen                                 ;
                                          ;sparplaene                                       ;array of Vermoegen                                 ;
                                          ;unbefristeteZusatzRenten                         ;array of EinnahmenMonatlich                        ;
                                          ;unterhaltsVerpflichtungen                        ;array of AusgabenMonatlich                         ;
                                          ;variableEinkuenfte                               ;array of EinnahmenMonatlich                        ;
                                          ;versicherungsAusgaben                            ;array of AusgabenMonatlich                         ;
                                          ;wertpapiere                                      ;array of Vermoegen                                 ;
ImmobilieVerknuepfung                     ;                                                 ;                                                   ;
                                          ;id                                               ;string                                             ;
Kind                                      ;                                                 ;                                                   ;
                                          ;geburtsdatum                                     ;string(date)                                       ;
                                          ;kindergeldWirdBezogen                            ;boolean                                            ;
                                          ;name                                             ;string                                             ;
                                          ;unterhaltsEinnahmenBetragMonatlich               ;number                                             ;
LebensOderRentenversicherungVermoegen     ;                                                 ;                                                   ;
                                          ;id                                               ;string                                             ;
                                          ;maximalAufzuloesenderBetrag                      ;number                                             ;
                                          ;praemieMonatlich                                 ;number                                             ;
                                          ;rueckkaufsWertAktuell                            ;number                                             ;
                                          ;tarif                                            ;string                                             ;
                                          ;typ                                              ;enum                                               ;
                                          ;                                                 ;                                                   ;KAPITALBILDENDE_LEBENSVERSICHERUNG
                                          ;                                                 ;                                                   ;FONDSGEBUNDENE_LEBENSVERSICHERUNG
                                          ;                                                 ;                                                   ;KAPITALBILDENDE_RENTENVERSICHERUNG
                                          ;                                                 ;                                                   ;FONDSGEBUNDENE_RENTENVERSICHERUNG
                                          ;                                                 ;                                                   ;RISIKO_LEBENSVERSICHERUNG
                                          ;vermoegensEinsatz                                ;enum                                               ;
                                          ;                                                 ;                                                   ;KEIN_EINSATZ
                                          ;                                                 ;                                                   ;ABTRETEN
                                          ;                                                 ;                                                   ;AUFLOESEN
                                          ;vermoegensTyp                                    ;enum                                               ;
                                          ;                                                 ;                                                   ;VERMOEGEN
                                          ;                                                 ;                                                   ;VERBINDLICHKEIT
                                          ;versicherungsGesellschaft                        ;string                                             ;
                                          ;versicherungsSumme                               ;number                                             ;
                                          ;vertragsBeginn                                   ;string(date)                                       ;
                                          ;vertragsEnde                                     ;string(date)                                       ;
                                          ;vertragsNummer                                   ;string                                             ;
                                          ;verwaltungsgebuehrenJaehrlich                    ;number                                             ;
                                          ;zahlungsTyp                                      ;enum                                               ;
                                          ;                                                 ;                                                   ;EINNAHME
                                          ;                                                 ;                                                   ;AUSGABE
LegitimationsDaten                        ;                                                 ;                                                   ;
                                          ;ausstellendeBehoerde                             ;string                                             ;
                                          ;ausstellungsdatum                                ;string(date)                                       ;
                                          ;ausweisArt                                       ;enum                                               ;
                                          ;                                                 ;                                                   ;PERSONALAUSWEIS
                                          ;                                                 ;                                                   ;REISEPASS
                                          ;                                                 ;                                                   ;ANDERE
                                          ;ausweisArtBeiAndererAusweis                      ;string                                             ;
                                          ;ausweisNummer                                    ;string                                             ;
Link                                      ;                                                 ;                                                   ;
                                          ;href                                             ;string                                             ;
                                          ;type                                             ;string                                             ;
Links                                     ;                                                 ;                                                   ;
                                          ;self                                             ;Link                                               ;
Meldung                                   ;                                                 ;                                                   ;
                                          ;kategorie                                        ;string                                             ;
                                          ;kreditEntscheider                                ;ProduktAnbieter                                    ;
                                          ;produktAnbieter                                  ;ProduktAnbieter                                    ;
                                          ;text                                             ;string                                             ;
MietAusgaben                              ;                                                 ;                                                   ;
                                          ;ausgabenMonatlich                                ;number                                             ;
                                          ;entfallenMitFinanzierung                         ;boolean                                            ;
                                          ;zahlungsTyp                                      ;enum                                               ;
                                          ;                                                 ;                                                   ;EINNAHME
                                          ;                                                 ;                                                   ;AUSGABE
MiteigentumsAnteil                        ;                                                 ;                                                   ;
                                          ;anteil                                           ;number(double)                                     ;
                                          ;gesamt                                           ;integer(int32)                                     ;
ModernisierungsAngaben                    ;                                                 ;                                                   ;
                                          ;modernisierungsGrad                              ;string                                             ;
                                          ;modernisierungsJahr                              ;string                                             ;
NachrangigesExternesDarlehen              ;                                                 ;                                                   ;
                                          ;darlehensBetrag                                  ;number                                             ;
                                          ;darlehensGeber                                   ;string                                             ;
                                          ;id                                               ;string                                             ;
                                          ;rateMonatlich                                    ;number                                             ;
                                          ;typ                                              ;string                                             ;
                                          ;zinsBindung                                      ;ZinsBindung                                        ;
PaginationLinks                           ;                                                 ;                                                   ;
                                          ;next                                             ;Link                                               ;
                                          ;prev                                             ;Link                                               ;
                                          ;self                                             ;Link                                               ;
Partner                                   ;                                                 ;                                                   ;
                                          ;partnerId                                        ;string                                             ;
                                          ;vorname                                          ;string                                             ;
                                          ;nachname                                         ;string                                             ;
                                          ;firmierung                                       ;string                                             ;
                                          ;email                                            ;string                                             ;
                                          ;telefonnummer                                    ;string                                             ;
                                          ;_links                                           ;Links                                              ;
Postadresse                               ;                                                 ;                                                   ;
                                          ;hausnummer                                       ;string                                             ;
                                          ;ort                                              ;string                                             ;
                                          ;postleitzahl                                     ;string                                             ;
                                          ;strasse                                          ;string                                             ;
ProduktAnbieter                           ;                                                 ;                                                   ;
                                          ;partnerId                                        ;string                                             ;
                                          ;produktAnbieterId                                ;string                                             ;
                                          ;vorname                                          ;string                                             ;
                                          ;nachname                                         ;string                                             ;
                                          ;firmierung                                       ;string                                             ;
                                          ;email                                            ;string                                             ;
                                          ;telefonnummer                                    ;string                                             ;
RechteAbteilung2                          ;                                                 ;                                                   ;
                                          ;beschreibung                                     ;string                                             ;
                                          ;betrag                                           ;number                                             ;
SchufaErgebnis                            ;                                                 ;                                                   ;
                                          ;antragstellerUnbekannt                           ;boolean                                            ;
                                          ;inManuellerNachbehandlung                        ;boolean                                            ;
                                          ;score                                            ;string                                             ;
SituationNachRenteneintritt               ;                                                 ;                                                   ;
                                          ;gesetzlicheRenteMonatlich                        ;number                                             ;
                                          ;privateRenteMonatlich                            ;number                                             ;
                                          ;rentenBeginn                                     ;string(date)                                       ;
                                          ;sonstigesEinkommenMonatlich                      ;number                                             ;
SparPhase                                 ;                                                 ;                                                   ;
                                          ;guthabenBeiZuteilung                             ;number                                             ;
                                          ;sparBeitragMonatlich                             ;number                                             ;
                                          ;sparPhaseInJahren                                ;integer(int32)                                     ;
Staat                                     ;                                                 ;                                                   ;
                                          ;isoCountryCode                                   ;string                                             ;
                                          ;name                                             ;string                                             ;
Tilgung                                   ;                                                 ;                                                   ;
                                          ;anfaenglicheTilgung                              ;number                                             ;
                                          ;sonderTilgungJaehrlich                           ;number                                             ;
                                          ;tilgungsBeginnAm                                 ;string(date)                                       ;
                                          ;tilgungsErsatz                                   ;TilgungsErsatz                                     ;
TilgungsErsatz                            ;                                                 ;                                                   ;
                                          ;id                                               ;string                                             ;
                                          ;typ                                              ;string                                             ;
TilgungsPhase                             ;                                                 ;                                                   ;
                                          ;bausparDarlehenSumme                             ;number                                             ;
                                          ;sollZinsNachZuteilung                            ;number                                             ;
                                          ;tilgungsBeitragMonatlich                         ;number                                             ;
                                          ;tilgungsPhaseInJahren                            ;integer(int32)                                     ;
Verbindlichkeit                           ;                                                 ;                                                   ;
                                          ;glaeubiger                                       ;string                                             ;
                                          ;laufzeitEnde                                     ;string(date)                                       ;
                                          ;rateMonatlich                                    ;number                                             ;
                                          ;restschuld                                       ;number                                             ;
                                          ;vermoegensTyp                                    ;enum                                               ;
                                          ;                                                 ;                                                   ;VERMOEGEN
                                          ;                                                 ;                                                   ;VERBINDLICHKEIT
                                          ;wirdAbgeloest                                    ;boolean                                            ;
                                          ;zahlungsTyp                                      ;enum                                               ;
                                          ;                                                 ;                                                   ;EINNAHME
                                          ;                                                 ;                                                   ;AUSGABE
VermietungsInformationen                  ;                                                 ;                                                   ;
                                          ;mieteinnahmenNettoKaltMonatlich                  ;number                                             ;
                                          ;nutzungsArt                                      ;enum                                               ;
                                          ;                                                 ;                                                   ;EIGENGENUTZT
                                          ;                                                 ;                                                   ;TEIL_VERMIETET
                                          ;                                                 ;                                                   ;VERMIETET
                                          ;vermieteteFlaeche                                ;number                                             ;
Vermoegen                                 ;                                                 ;                                                   ;
                                          ;aktuellerWert                                    ;number                                             ;
                                          ;dividendenJaehrlich                              ;number                                             ;
                                          ;maximalAufzuloesenderWert                        ;number                                             ;
                                          ;vermoegensTyp                                    ;enum                                               ;
                                          ;                                                 ;                                                   ;VERMOEGEN
                                          ;                                                 ;                                                   ;VERBINDLICHKEIT
                                          ;zahlungsTyp                                      ;enum                                               ;
                                          ;                                                 ;                                                   ;EINNAHME
                                          ;                                                 ;                                                   ;AUSGABE
Vorhaben                                  ;                                                 ;                                                   ;
                                          ;finanzbedarf                                     ;Finanzbedarf                                       ;
                                          ;nachrangigeExterneDarlehen                       ;array of NachrangigesExternesDarlehen              ;
                                          ;verwendungszweck                                 ;enum                                               ;
                                          ;                                                 ;                                                   ;ANSCHLUSSFINANZIERUNG
                                          ;                                                 ;                                                   ;KAUF
                                          ;                                                 ;                                                   ;KAUF_NEUBAU_VOM_BAUTRAEGER
                                          ;                                                 ;                                                   ;MODERNISIERUNG_UMBAU_ANBAU
                                          ;                                                 ;                                                   ;NEUBAU
                                          ;                                                 ;                                                   ;KAPITALBESCHAFFUNG
ZinsBindung                               ;                                                 ;                                                   ;
                                          ;endetAm                                          ;string(date)                                       ;
                                          ;jahre                                            ;integer(int32)                                     ;
                                          ;monate                                           ;integer(int32)                                     ;
                                          ;restschuldNachZinsBindungsEnde                   ;number                                             ;
ZugrundeliegendeDatenZumAntrag            ;                                                 ;                                                   ;
                                          ;bankverbindung                                   ;Bankverbindung                                     ;
                                          ;finanzierungsObjekt                              ;FinanzierungsObjekt                                ;
                                          ;haushalte                                        ;array of Haushalt                                  ;
                                          ;vorhaben                                         ;Vorhaben                                           ;
                                          ;_links                                           ;Links                                              ;
